{
  "anova": {
    "f_statistic": 0.5729871013939265,
    "p_value": 0.5785365775201001,
    "significant": 